wallet,credit_score
0x0f3c2476fbf0ed09dff00ea7f4ef252dcc72e6f1,100.0
0x4654f56a64301b9b582f843f97332d96ead11ff8,99.08396599830023
0x0e0ec712b3912b5601216455a158cf18152cb62a,96.58035286406881
0xbed4e3cd89918563a9ce4b04cf5379daf566bd53,94.75114167842354
0xe20ee1d250c8d3e0bd140306121001bfdc7a1201,94.55179717393753
0xb435871b0959561226b4d903b1abf79528177e81,94.42261047745016
0x9fd31424cfceab50218906bc1b3d87fe7778ca61,94.28112101880372
0x6316ff9d2c96b6b122e0dd632ab5831e0bf5bd10,94.12293974876916
0x5632cf9a1b4ac936a3c6d3d66eb75c0344c61c2d,94.09178166473488
0xcd5f8fa45e0ca0937f86006b9ee8fe1eedee5fc4,93.68864511014789
0xb678853c57b94da8e6ffbf0e792e9c31788d84a2,93.58423473046594
0xb28cf9fcfaa079ff21ceddbfc7b4b2fb9c7bd70f,93.11446964737439
0x3e3742b6b7c0add19eb155c72eacbb6bfc8958dc,93.02865344717733
0xd19604efb40ece1efd6df5de6d3892112b51e99a,92.90113047900783
0x4c77ca7ff8e548806fdc88e4dfa8ea1e493a450a,92.87082613855834
0x285306442cd985cab2c30515cfdab106fca7bc44,92.68486699721772
0x84443f61efc60d10da9f9a2398980cd5748394bb,92.52320659494202
0x9dfac9bbe1119da5dcdd7b095db40920cde878ef,92.52278228326384
0xd2925983502b2f849c96dbe449179e8b09d8c6a7,92.51859926809773
0xcf32352be14b4c39ea7b914f8c302de4d67f0ff6,92.14263314690432
0xbabe31056c0fe1b704d811b2405f6e9f5ae5e59d,92.04718463141162
0x14559df3fbe66cab6f893d8dd53f7bfe68de9c65,92.01465792424813
0xdbc9454541a32fc0cc1b76cfc674a76aab6233a9,91.98345007371324
0x0b013cca6335dd62353ca60ecec9c39b5227d270,91.9681932303109
0x96c8e2a1eab72eea758b6694fb2217c4118bb803,91.95402472907512
0x505e20c0fb8252ca7ac21d54d5432eccd4f2d076,91.82467723452817
0x67d3ccbd1d81e7b1427b70d94454e0039271d237,91.77830670640303
0x7e5ce10826ee167de897d262fcc9976f609ecd2b,91.7365737555918
0xedcd518221d67769f2a85acf801e6ba4918a55c7,91.72270593354452
0x9317e25590aaa62be015aff026702f3b960131a7,91.6785178971917
0x40941f5619974c639fe13fe977fd92805fc10ec3,91.5437907523659
0x8e5d30f161ba3ebb09dc3c1f06515656af34baa1,91.41823433882335
0xbe808ea4b07c96f770d221871331fd2ccbab4853,91.39133356445403
0x502cb8985b2c92a8d4bf309cdaa89de9be442708,91.24058818024518
0xdf0635793e91d4f8e7426dbd9ed08471186f428d,91.21014933697855
0x0aba55c93cf7292f71067b0ba0d8b464592895ca,91.18206303675976
0xe6f6f9492098aad009faa3f9b84f35c0b6ee7f3c,91.13938054405122
0x0006e4548aed4502ec8c844567840ce6ef1013f5,91.02984838339066
0xc2351c961181ecd4e682857224e873ebbf956fde,90.95632303988015
0xefd0199657b444856e3259ed8e3c39ee43cf51dc,90.90639229669752
0x7a6ab4fe07d4b65a3a3b4a28cbde57ebaed9cd81,90.86227077132878
0xfd72fac7d08f9912e5d02091417304d5a0072e2b,90.86200974681975
0x07326cbe4792e8e3c1f61c66fefee8253eb2db0c,90.79111190208032
0x009b56330ae5ec5042b9ca46ddb3043cc0d006f3,90.78302691716543
0x322d58b9e75a6918f7e7849aee0ff09369977e08,90.68625290815045
0xae5fb390e5c4fa1962e39e98dbfb0ed8055ed7a9,90.59900081943263
0xabeab690bd56d307f4bb3b59c2f209c353ee057d,90.52227576744224
0x32c6b5db05b98907a29baeb7d09c79c95498b17a,90.460432024297
0xa17f75c6d52951699350f308d1220e2dca7b4cda,90.39724516524315
0xae3c67b8aa12e458f2b4eafc0e9209710582c9d3,90.25054720550719
0x2923be587904f3034ffab36c86c495df3c21bc97,90.20601721961302
0x4527c75dfc50a5390dc663f81b627c39e7b9acad,90.08036021239072
0xf189bda172ddc4b6250b8c2cfbc174af18d3ad29,89.9955831168194
0xb7128fb2180aa8d93c769ee7d261950c9acf002b,89.99029171811283
0xb631651cb570ba0c0d696bd5e4860cbd214f20a0,89.9660056753152
0xfd1935fd3c8f49723deb7296c58ba4bb1a0e48e1,89.90074886253436
0xc691635a9702d8a7a3a3b69a96623739be260965,89.84808074831537
0x4c0c59f3e1e8727c60ed7bdddbb454ce4814458d,89.84662796877112
0x66c7a7348250f453a37cf86410a946f9668de386,89.82144490953887
0x03ed2992a1d07ab57ec01f0c8914e22b53e48d87,89.65335854268564
0x2b6a4f029de9f6a17c0413b393770cacf28f6c8c,89.60588486093893
0x45ce9d7bdadb704c68242118e2b8586e491e5c51,89.58588047666403
0x419385075dff229926a63812ac1adc397ac32e27,89.58318321139296
0x000be263b3ceb55d22ed9b40d7619f62c4862c80,89.57435574532589
0x57ef012861c4937a76b5d6061be800199a2b9100,89.54202695125927
0xe69f609c75f8640fa034166c63929f2875c01343,89.43558785107867
0xca4a4e011bdeb6e5cbc229b882ee20ad3231096a,89.41781827657879
0x60dc0b25f6aa160ec8748a52f6c360c213454bd1,89.39962248127175
0x083674408a89ccbb0fc9653cf93a1de0b017a2e2,89.37774741781773
0x35440df5c2fab7f5dd7c101fdf94a039a00c6ab7,89.37494179159602
0xec75e6ae612401d4188266eb731697339b9b0f36,89.33072774847113
0x9064f45ddb3875b83ce86602330e493e6abda6f1,89.31028093112437
0xa53a13a80d72a855481de5211e7654fabdfe3526,89.28577912190521
0xcc98bdc61f62f09167670399110074d2eca72bdc,89.26698678693981
0xd18a54f89603fe4301b29ef6a8ab11b9ba24f139,89.25859370505738
0x75d3fcbac90c72c32675cd80b109454100f3c9d3,89.20357607714126
0x23cc917f53ed08c028a9b60067d4de1d7db77f5a,89.1665717598115
0xa5cd3bc3f3d34b3a716111643e19db88bfa649c7,89.13860083265084
0x97889c952368b5ae0def08eb845ec1ca212b6f2d,89.13765668275644
0x1a2d4efc833d4a32728b149b6fbaeb0b948d4bbe,89.04849543915904
0x65d25e3f2696b73b850daa07dd1e267dcfa67f2d,89.01964377192793
0xb6d94226eab23ac1602113bae51e0f37d92a50bf,88.92175081732884
0xe670c92e93f88761004f86b28c101cd8b9ca57a9,88.9096031895236
0x985c0748a95d30ba0585dbc33c4c366a56be8ed3,88.87485371358092
0x3b2e298b401d1e11ce6ee82b54792ca435ce81ec,88.8415029505643
0x74c4623d7609f3eb2665ad32ff96b44856b6051b,88.76651915748886
0x54f987c0a786031357427211046d9e7ef61f3891,88.68454223266171
0xc9e7a40b20e2b10b3619109a74e9e6ef17c31299,88.67371975454208
0x55857b9a18e15a298136b3118af86bc9503b3eb5,88.59245079618529
0xfcb6a30ef6f39edb1c3f8b5dcd5eade4efc2cb1e,88.5676800480749
0x7345c51439d1c84949f56a6ad0ecdf3f3f1d2be2,88.55807265068788
0x5da581400c1a404811ab251680e24eb73f679f18,88.50092587347577
0xc15792b8578fc26c10de7f88191ecff579151866,88.48953755714787
0x7c76f4db70b7e2177de10de3e2f668dadcd11108,88.48835589632759
0x85697c00fb7bfdd5b31826f4e807459fb9941b19,88.42009454488799
0x5c10afd2e8c8ae7e282aea60759209f32edfe3d8,88.37178535211916
0x531146f30be47bb171cb2039c25a4ae5d4fe164e,88.36982261694692
0xeba9d7523c1842907587c92dedccbeff49c9ad77,88.35733628978474
0x73555792708d34d5d2c3fce67134ea691ceb4d65,88.35500343754273
0x2848b9f2d4faebaa4838c41071684c70688b455d,88.34149873629164
0xa8560117ccbe413074c420f3fa83f842b65e0999,88.23122098141368
0xf0b4fb521eee7561e746a2e01ef933c5a2225809,88.2293625911897
0xe826cf83f03732ea35eaf4cd9627d57529feca4b,88.22567901500108
0x1390743368d3d548cea3e371f8da81da2ffde2c1,88.18418229691332
0x9640a35e5345cb0639c4dd0593567f9334ffeb8a,88.13457275522715
0xd3d4ce329824372655ba5303d609a73e56693164,88.0852392277485
0x1a01ea6f99123f161554ae7d489976fb95d0309b,88.06556693446753
0xa2382d2c0f5c3eab3015827e6be407e53f5876a0,87.9942731247871
0x9b4e28020b94b28f9f09ede87f588e89c283cffd,87.99109295888691
0x42b9df65b219b3dd36ff330a4dd8f327a6ada990,87.98100081449797
0xc25c0092307a5b8afd8a4bd01351a92579040951,87.91574820579008
0x2fa1859029a483defbb664bb6026d682f55e2fcd,87.88421088108265
0xa5c3a513645a9a00cb561fed40438e9dfe0d6a69,87.77596398624786
0x1fcfd25b25ccead63665cf867f4f7cba3e75de64,87.74460513581637
0xff19ad332cc5bb32703a3058c6f93ce177cfbb08,87.73499463390489
0x1057bea69c9add11c6e3de296866aff98366cfe3,87.68598533259323
0xa7b95d2a2d10028cc4450e453151181cbcac74fc,87.68446300356052
0x09cdd1ec94503878479e472cfb3573e145370a86,87.6264199956024
0x01e8a979e7c5a1bb5c7af02a5f11263d0af4c19e,87.60295486433948
0xfa5756494fea34c83808ccb6626f6b7e66d46c4c,87.57726156410467
0x30781d7d755845fa50bfdb63ba7b9426a760f3b1,87.57182646465161
0x52405eff99dd4c2015463dc511573344f2e2e8d7,87.56723592850084
0x2c99d50eb4daa1d26b5ba0b1daab58cbfc0ac3e6,87.55322159417155
0x2eeeedef8f6d93facfb10521103eb377cbf930a4,87.54343935684125
0xd998171b51dede5bb420228f8ca6e349daf0fd62,87.54081275677952
0x736e108bcdd0c48771878caa148c1254689a941d,87.50082794219288
0xd84e11bee5d555ccd905817cb8cbbd5b6e6c4f0d,87.47256472225506
0x98f365b8215189f547e0f77d84af1a2cb0820c72,87.47013128170721
0x6a8ff90e596e037b2ded3881c19ab4fd1727a0c8,87.46961189934753
0x5eca9a84b31f7dcd83c68b015df498b0c4f65f6c,87.45964049750236
0xc4b485a4a6faf2a8e17a57f8ed198f058fe2b408,87.43313753313218
0x30377714d83f02be07189b321c94d554fcaeb3df,87.40146718120437
0x1fc931e464b63cd55e69c1fd4461317fe35ff771,87.36213246252892
0x0d5926184e886db1a736d88f0fb257be3f99ebd5,87.3582052865301
0x6a983e653d6d7c81fbd29dd7cc638b6f36242d08,87.33371025355183
0xee37f338220479c8f652e3557f02513bdb11c160,87.33060925768577
0x9eb7fa865937d1e92a1c1d10ccb5240757e93227,87.32178934512459
0xa574c53d63550e535c8b78f0e2a33bbe3c56ef2b,87.28039375880789
0x869ec00fa1dc112917c781942cc01c68521c415e,87.26445733230408
0x121667b6690f5040c672c3df912a5aaf8735ca23,87.24889762158269
0xdede431dab9a59a99d6c6e7f998ebccc3cbaefd7,87.21987500596212
0xe8324c980791df99215b4e337d1dee5f5c0988a8,87.20671782524873
0x6655459bab7a5e99f2d61279316f6d0a465be784,87.2007784853167
0xad923feeeef3598217bd2d7d5d1181d8c386ca88,87.16556201492912
0xd6390178b2002a0758e8b3486fddc1c4bc23ebe1,87.10830294888106
0x58df55d6ab2db99d440241a607d91898b9ffd046,87.04541924778556
0xe2850aeceac7e8d955813100098606bfd1a01fdb,86.99493596143827
0xcdebcf59ee33978320ca2ebcd433ace6144c63c4,86.94732963827711
0x64ae361c1c55f61a02d2c67a4c78457d5169ac56,86.89746951396538
0xa24f2e6dcbd2da9a220958401dab74b365bd34e1,86.886739032507
0xe6c58978d013b757eb315bd6fd776bee2ee2b63c,86.86173398557938
0xe4b205c76b78cf72012d6040c33429dba9bbd19b,86.84457882603726
0x877da30d93546e4585bfd616250c61b7e0e2a76d,86.78683724547777
0xc721921b29618680c19f4a4d1458f82689c126ce,86.75976154350613
0x3d534d4f6099b94846b905068bc1d420258065e8,86.71035944663464
0x8e55ae759901aa0d0550b03d79cf1f2ff5eee5b4,86.70542722909596
0x92be89852867b06d8f77e110d95e7e5dad2f5359,86.68995954507763
0xe40afc776c18d8925199dcce78d0b06c9222b896,86.65537121589544
0xb082ddfd74748b763f52f04558e5f814a56de67a,86.62255345084766
0x9dafd2b0627955f9398f65324af581d44958d4d8,86.60544588998391
0x815721a8b174a18aec0c434706c289b08230f3ea,86.56645459721108
0x80cbe79db5cba89d98b751d706f76b7980176293,86.52763010675616
0xaec0d9389d27359c4eda77a81eeb71b1e68c2ada,86.46205082370926
0x512fce9b07ce64590849115ee6b32fd40ec0f5f3,86.41720246822592
0xb375e0c12bfa084d269dcbf412ea1d6b100aae5d,86.37377478459723
0x7c6a9ca96a045a8fdac350f89cbd98a0e40ba057,86.30735309736045
0x81da4f0bcea8d330d790da28bf5349d29ad51fda,86.30624753270479
0xc1852f917835a9f2f97112672bc5c8afd1f21dc3,86.2415890217408
0x58a2f87490292bed41297fbdb50bbf716e80b016,86.19601674325307
0x6c5d0d9eb1243903775ffdbc8f5d29b04ce3670d,86.08929809290102
0x737284cfc66fd5989f2ac866989d70ae134227cb,86.07854916526352
0x4f5c0754c5f90e722d78964644bd29687b87c584,86.01886600146051
0x8662f71896d5770e2991a2e6fc1836c5c5ba3a67,85.93791930894128
0x95ad647b9e6174294573aa4b8a2681ec20d44594,85.92689714281704
0xc3b439e6364b3f8d07754fb782e509e53b3d0b1f,85.91463682335866
0x30887fc55cbfad3487cb55bfe1779f6d2ba1c118,85.87783698326679
0x1cf6437111a85cb37603650f278b80655a1c43e9,85.84955381478312
0xb141936c797fb48714c37f9168d8dedd47975191,85.81903381784626
0x9cfd5052dc827c11a6b3ab2bb5091773765ea2c8,85.79485015250813
0xe9e9b34920131985d5e948c56cc8e34a9e1fcf22,85.77576992138755
0xa7f3c74f0255796fd5d3ddcf88db769f7a6bf46a,85.70947758444139
0x904505327ac551de0e33fa33d8c744f8ced5d171,85.67995531887117
0x930a7cd60a633128b7c5181307781e6d033ba51a,85.66049378759803
0x10aa95a9a64b4a72af7f26ea92c737d99d0d5da8,85.6601324034383
0xaa228431cc2b3db67b456e5be5d6877070ed63ab,85.62039698079639
0xb3de746d56c652ea0390233a135a4011cacd9be5,85.60346017491871
0xc40c82d5917f74c97504c5de063f7c4eb3a01750,85.5518812781405
0x7c8dd864ded4030d42883b72dc7643bd7646f1ca,85.50386416594334
0xc2f82a1f287b5b5aebff7c19e83e0a16cf3bd041,85.44433384525246
0xdd3b9186da521abe707b48b8f805fb3cd5eee0ee,85.41590262991032
0xd1929ff028686a33cc436b2a82d71446bbeea1a1,85.41357814776299
0x0e532f71e574e0d2f421e381e4d1ae2c7097b7c8,85.3678898547327
0xb4df85cc20b5604496be657b27194926bd878cee,85.36679584559069
0x1c49f9aa2dec3ad25d4b3efc29a785cf17691370,85.34067847704438
0xef492b2d863b4e68330b4ed0b39708d3846b3420,85.33245317842207
0x4282890ff9661a51ea367aeddf341c6f6395d4e1,85.32576344949518
0xa4f965e38a7d2795f43eebbed1c160319adbee04,85.29072217877973
0x54543587cd0412d6ea0e852eb62177bc9306a6db,85.29069770406909
0xc424e90ace50df63efe178ed5f28cf3759cf51ea,85.28788675333094
0x3eab4037a2e7f4d4d0946c091fe135838221f2b6,85.28742278074452
0xfaf95953a36ed1e8f8426ab5b7eb53da246e3476,85.2581021275548
0xfeff33456de40aa9ffc85b796cb731b91ea6eb04,85.2213194605818
0xf85a551811c40e7ffb912a21efe2c26277be8ebc,85.21999393824757
0xb24b54fe5a3adcb4cb3b27d31b6c7f7e9f6a73a7,85.2196221796502
0xaaa4ab4966e54d856bf2fb33a850285b30ed45e3,85.17809593568224
0x6d2af065ccb60c0f7e8ec5907c961c42a3447127,85.07147046154276
0xc8315afc044408ff3b56b84fe991c84fe0816e12,85.06912954252927
0x206e3058eb8ddae476ca1e3936259209dc01c2db,85.02674101445592
0xa4da0f347c6abe0e8bc71b5981fd92b364eda4c2,84.9943774638557
0x91b57d4077fb560bddbb4cbe81546b10005b587d,84.9921995220428
0x45ec2ca047fd21f8d92e9ad7d03b839a6657bc08,84.98708371140033
0x644239848c7b402d813295893db428aae7cc4cb5,84.98611694506955
0x9df06d2e25378f01a405c93310e289e8d06c9841,84.98501866615557
0xa6e78caa11ad160c6287a071949bb899a009dafa,84.9786191940489
0x4fe95c36bb9b3a81f278569525162f91615e77d7,84.96000634039953
0x6bb740b57627123ecb2debe195ea5b225b4f9ad8,84.86152361202814
0xca1a7fc6cab553ce65f7c33c6e3eba6de954efc6,84.77206610694003
0x9c0d566b965e4361833ae5207b5544bb35827e18,84.76712000742461
0xdcfcbd0ee537882be942477c0955b97ff1903320,84.76290327980124
0xa6dffbc492e1dccae78bf4f6f6c13b1f96469e11,84.72787992253139
0x9079a0a7e0ebee7650c8c9da2b6946e5a5b07c19,84.72505665433091
0x19360799a15730fac556088793895aa7650ee442,84.61907110447994
0x54232d4fff02af44d0a5ff43e96cdc8d154a1659,84.61838889789419
0xc6af895832bf156c59c8c0b59fc31179d5f7019f,84.60079566782693
0x1658a95d08bc44111a93f7afcab8444b7e8dc0c7,84.53541187857667
0x7a69bd5a31f3388ed2eb2a7464aa462c658d1929,84.52786361876434
0x53c19cf633c65adb9748f884dbd84bd4eded3fba,84.51978314547772
0x6555e1cc97d3cba6eaddebbcd7ca51d75771e0b8,84.50872176161093
0x2577a8539cb2194acd72f035dbb691ce5f406d3f,84.50296771806174
0x8fecb44f0393b6936ec7b402c3c28cd85e783588,84.49590174876498
0x9b67bbf26fff9b8c446b344959f3eb43168c2734,84.48317022484646
0xb97d56feebcd2d8ef7c17d2123164fa3bddd97e7,84.4814768189905
0x1bdb1783505f626a55a5e3dd3e366df1cd69c055,84.43855821817354
0x3a9f7c8ca36c42d7035e87c3304ee5cbd353a532,84.42464858200688
0x202f0241efd14ec8d82f1165f217ab6cc29fad23,84.34408138145372
0x970991bdd61aed3c2cf91e9bf6944960561dbcf5,84.32841248104239
0x4defa30195094963cfac7285d8d6e6e523c7f90d,84.29475753876795
0x1ee5d92751c7141798b399dffa49e41591bf3caf,84.27488234457459
0x12899167ebac6cfd96b61b18eaa5f91f9d859886,84.27140868208843
0x6dc1c317176fc1f7c1a7f299884c85b362f7b30e,84.26798219981893
0xc37027c11b6b416462aa7b589e6f7937ce220327,84.24684659294626
0xfb0018ad46c669b6a4c0e589c53db27daf7f7930,84.23514062385841
0x890a41bffc0213e479cf470dcdfebe413cce3389,84.23072532735823
0xd97beffdf558b269257feba5df111ab718b71e24,84.2222075516317
0x26ec7fc8b97d013d3d0664ab78abcb401bf186f0,84.19852458105032
0x7185fbff199928cbae71990ecb3cc4a7be2ff00a,84.18650107746551
0x6cbf891ec109e6e9e1893dd33f145719540cd834,84.17516558107539
0x57e95fef87149570fc1f4c8a1baaf57aa45a89c4,84.1645435913051
0xec45c8fd6c9844be241fc2ef399f267a21210fd5,84.14670358360159
0x159038f1e0183b3ef4eb197016214f6486189338,84.14169570510114
0x523c8b962707252201fc9289289081507f58af4d,84.07026084480982
0x311bf6e6b6d416a808adf524b2fba791bf257e19,84.0164998003204
0x13dc08f5ddbcbfdf6ebc04c909c3052a2aa7a111,84.00720462988008
0x7060380f1f31ec257fb69dd4ec52c2ccc07c31d6,83.97622524318571
0x42ab9e1c9332e61eba3a17b53fce2abf73dc8b12,83.94729709601897
0x0118289457e9fd02c05e37e27a11bd09d3500021,83.92525083204745
0x2f41ed247b918d27300131f07676d33493b74363,83.91508623853011
0x520632e2a0744d5e412d940607057712962678c9,83.88625750239721
0x0be0ecc301a1c0175f07a66243cff628c24db852,83.86309418612541
0x8f242eea01d82852cc9db9c64db449f232786011,83.8614050487228
0x8094f015cbd787e16a65ad0ab606c41d78c1887f,83.82785196443925
0xa6e8e242a6bbdb87765edb408530348b4f51030b,83.82546206298889
0x6b790599ea89be7f68268eea87bbba9cab5cfb68,83.81410206107213
0xa6308eab4fc51b4d1c1213ef0628ada3c04ff47f,83.80951152114508
0x0c3f70c14b8bb96d6b74af35c6ab7f85f77a23ba,83.80056678415019
0x524802b34cb508be2062d02a6e1cf577c2e66fba,83.79365444419817
0xaf5d6846a4b7c2cdfabebf001382bc9cba4dd266,83.78330303393572
0xd63b87fa46652a28cb3ffcbc56f7721fc60943ad,83.78306146151861
0x1048e693b121a6386f024f2e97ea17e28537b99a,83.76953598133338
0x4ae0dbd5c700c64faaf85678fc1fcdf6aba5c5dd,83.75105787085428
0xa218a8346454c982912cf6d14c714663c2d510d8,83.73782288976822
0x57bf61b835a8a49fe51aa4614f774d9f01bdda73,83.72673567079286
0xe74fe046d6c033a1b2f2dbf253f85449425a4f55,83.7069177770886
0x849f17c54d6dda08162ef328131048d95b9b2c71,83.68865516789512
0xaeebe2d33fbdf50684161d1c1ed29a42ac915841,83.6653166652611
0x0951ff0835302929d6c0162b3d2495a85e38ec3a,83.65449325495992
0xcb937212f1dffa4dda6837cddb4788d1ce5e0251,83.6317706655809
0xbf5b9bd197e9dbf3f2ce58e5b1c35b1bf383b5cc,83.6159213361299
0x2b32c3ecaf47ed3ad459565c472182f56414c9b2,83.58995780466036
0xb535ac19df533873c2c640df6cd644cfbf8b5d39,83.57812477388549
0x856c63f6a02c1e175e36839ed262ee4e85e78a22,83.54691467443963
0x786f9e6c7d47250b02835d08aee55b52f42220a5,83.51217789230105
0xf3061977e324ac93e7621f397dffc7bc78489fd4,83.50057622439407
0x45c84e29eaf1f15a89bea1e8146a53d68d409cc2,83.466939713172
0xc610ac3017b833337d2e68255855436d3e0ff114,83.42489244133763
0x931292c42a5f600e80d75b7c7743f0164240882c,83.39199523827398
0x37acfef331e6063c8507c2a69c97b4f78c770a5a,83.38464371022073
0x983f14fb20991589de9bdc48d6990ddb8e41d918,83.3301400102593
0xecbc2901efd668a049ec86e847c3a70552d128a7,83.32868714648022
0x48e5013861b25c114e369c3e12dc948008352aea,83.31226624654109
0xa7f3dfed2bcf7b35a8824e11ae8f723650edfb58,83.30722357918867
0xd3bb48f4f01876783ce5f67392c1fe05e1fa0918,83.30470811009812
0x70056d4450ddc31a61146fe91283aa3f645ec1e1,83.24014023192505
0xe4e9bb2c6aabcae687352ba00214771dcd538a35,83.21321121187358
0x5a92bc71ff2cee03202db6b625cb074d588344bb,83.20512715466897
0xe286e8e6e2e60cac9d077b3a42e2cd79c5faec4f,83.1659899659788
0x119e26e8809efd0d2baf690c62bd847271f2e96e,83.1609150748384
0x1955c2b76b1cf245795950e75eb176080879da50,83.15791848870448
0x9eb408e53dfa0c877b65bbe874de81247212380e,83.15383087727146
0x3cc228f907bc37cbfdc1e415d2129d68aa3c4864,83.11962085115557
0x064de67d26030c83297d3d1b3032d088be892e2b,83.06347654029736
0x40e652fe0ec7329dc80282a6db8f03253046efde,83.04939071272061
0x8ab0fe3d61e372a0caa2b2acf6d1ffdefd1c645a,83.04529205591503
0x88aaf4a728e14748cea5e9a3ca1306ac567ba472,83.01304279999768
0x12690cdba85ce9f5200110bdf391567e8635d759,83.01248826538767
0x8b59ae6ec3ef31c796600373a0add1d91bd1c00e,83.00414600669731
0x1a6db538813dbfa63e1f19f8804447187b7d401d,82.98277741782253
0xbbec95fce30d33d1972d412108a053030e31b654,82.97116499411295
0x3996769bd6bf1f7380895bc969302804b3d3125b,82.95530574450086
0x75a539db04dfcd914b7b2e985662e586c3da3ed4,82.90228128619704
0xebbcc9b60e2b819f2758c205c8cd986133d21005,82.89554441247006
0x93d30a4051df1363a11050dd5259494a609ed97e,82.89084209330908
0xf10d5716c7d6fcca6301fcafb9bddb7053854919,82.89049690092061
0x7bacf22f747f2f4b983081c0aa76dddfecd008ab,82.82290199516783
0x9b4c75ce8d7006620df39e8757ade75d6434a6fe,82.80182223428069
0x85cdbf9345cec498a386026f66ce7b40cbbef52a,82.7948891369723
0x7a1437563a366169ca566e9bcb1f7482bedbff14,82.79132259348015
0xd12ca1d1308b34b1ed2aaad8257d52b92af40910,82.77878651416472
0x8242d744f0d94f3a3e11258d727ec093e2b4589a,82.76701868362485
0x6f1cffcb8a199602b26965fabe278ef178774942,82.7402856359775
0x381a17eb78501498fa183c81648b4165826e1af7,82.6836672579883
0xa7ff0d561cd15ed525e31bbe0af3fe34ac2059f6,82.6300456163369
0x5d041980e76e766c0b8ca414c4244e75942ccbf2,82.61020016446138
0xec8e446c52f2d4ac9048aff1813c636ac8334fc9,82.59829646500356
0xd527c56dc2ac6a71f04242548039d07006e9103e,82.5786224134268
0x19764305e5df2563e2062bcce5429b540d994be1,82.56709781184189
0xa1872b9b494556777d2b3ac5e699cf7fb377bafc,82.54110782832652
0x95cfaddac52b76da6e858dd0896a46fcdf79e486,82.53629487187317
0x289795e6177d2170ba43ced4032a585d0677c6b5,82.49598472456519
0xee3f8ef1d3cdd0cf80bf3ad103aac1c6e0647ced,82.47354456751282
0x13025800a6eddea918eae73b408eac60824f8ec8,82.46249521928006
0xdc5e2422ae2d45f7f7f5b4109624285bb9b358f8,82.42298202237262
0xc980b6cbd623a2e505a64f1b654f7a042fdf6bb5,82.42265469739081
0x314f5c4756636c0ed347765ae3c1b235ea975e3d,82.42033305602571
0x581f3c56e8c3c6e8d91654d55f507c18f46e7bc1,82.4196411659196
0xce9114fa0e578fc3a8ff3cee9809fc713b2533ac,82.41211963795871
0xb0e1088863f02b7edf67324d02d5093de9b19e0c,82.38230239606156
0x389135c984febdbb310adaf23a690dc28c8fa62b,82.36339238375466
0x72a38f45f57d8c25425a1712e7bf121159bf48dc,82.30379564691694
0x825d4f26ac2f18dbd1fdee85c710abd6aaf78b7d,82.29847322702463
0x943980b467fe194beb923daf7a544abce90b5f93,82.28694207827154
0x14ffae1d2804eaf261586a6378218eb5e7235066,82.22736616822702
0x4c3278cf1c45a3e5bd2000242207870b6c015cb8,82.21719580237988
0x029d68ff4b05fc4102d8caa77e28c585a32cdd16,82.20354731383281
0x11e03d11ba8328b345e21a9c6ad442b64ec85e11,82.18696678420542
0x65c1d220e067b9339e7d136c74e88365b57aeb53,82.15567396179001
0xee4e262d30c9e69e4a9a82ab4910e8d94c081b56,82.15158531217095
0xc5b1928cef3298a5b27a09055bd57149c19edd7e,82.14766937588965
0x50481e120c49588779bb110bb5a0d468661ca5a4,82.07798881316309
0x03e3702d91098350d057ded0a05095f703bba2e7,82.04440991391714
0x9389d9e95f8d409b1e6ca7085f0ada92e546ee5f,81.99980140686492
0x410c8568c94f707008bb7a5afd36421b0cf6c307,81.99648575562168
0x27970d7f5e4241fa3e79eefcfcd302c60b8ff0d5,81.98133959193382
0x436266c46e2c2e7c8546573d72d51b96652ad76d,81.9801124089824
0x4f3a36c91c392781536348c03dfb8f6e265c277d,81.97867682340821
0x98723710a60bf3d2e32c281d8209935e8925e0d7,81.96041562541933
0xffd82f197d441201cbcf4a507d11f0efe8aa091a,81.94861367975548
0xe7d0ae1823582e5e6c3a0f9bb0526d380b16edf4,81.89436689741838
0xe80d953d0b4f2931549473e803c95f559b6ea58e,81.87061607576177
0xf1caf10c5fe421660e8fdf2c0cdaa0be68633b3e,81.84938617474423
0x9c2dfd5acbcf22cb9a82eaaee95824faf5e1e035,81.83975271611986
0xf8b316e1dcbd6427f3c5717d88ce7867f05fc82c,81.82288628304639
0xad54d739ef647b3b29bb5043a16317bdc1ddc470,81.8091866282528
0x3f70d4927adfad26eb7b1574eea7939d347d902b,81.80203349461388
0xa9d43d5b22e5eb975df03f54a90e4d630f448f4b,81.801361857153
0x34456a0a60af4afd40b20430e19bae1f3338504f,81.79741864031168
0x312bb0fd25fea8fd6da8fab80c36152975833a55,81.77022297152344
0x0cbf84a124f7264e86724b83b77a9a606eadd6bd,81.76106238747113
0x90c3729672a0b7a9bb7553e76c477cf873e3bc33,81.75873489403403
0xd7925984736824b4aecf8301c9aee211cd976494,81.75227648014368
0x797f63620e62dbc83a5bc88c6a43494ded428cbe,81.72632133054996
0x7044a3e6bf3baf4f0d2f8884a2ee4e2d838f8902,81.70259952133452
0x3123f7271ee3ab8041328b6812439d11bfc79817,81.6674332344941
0x0baf7b79f9174c0840aa93a93a2c2a81044a09a2,81.58960923739056
0xb9a8deae8115c7d7b8aed2ce4610c54e023e964f,81.58420741132835
0x7ed40353909c23fb61bc2bb29096ea1bbe53f966,81.57134158892568
0x361622264aed52ff036ff8314adff6657c4153e8,81.53405367183016
0xf157eba689047d5d6b0ac629bf46a62a59ad501f,81.50629485664693
0xbd9ed130a53cfafcf81502e4d35329a6c4d53410,81.47593924922106
0x23c1d8550966bf6a1fb04fce5dee74c8dd9eab33,81.45370220085097
0x11b6a5fe2906f3354145613db0d99ceb51f604c9,81.43234028278286
0x978aad63fe35f7a72573c411c3dff53608aaeac9,81.41550460074644
0x06d57af6792edf066046aaf958d92ae5558e0e56,81.39700284162005
0x71ec9e8cfbba6b8d218b6007d67159213327fb6d,81.37369028989941
0x002f9caf40a444f20813da783d152bdfaf42852f,81.27211612277422
0x19ee7696d2a71548a7f1fc9cef644460d7e73297,81.23073776134417
0x00778a211057c47a9f8885750bbf48226771bcdc,81.07722655565311
0xd2adb7b4df854631fa0f790a93b2fa25fad3f56e,81.06170368622858
0xaacb53d9ada6825be17020a445c6e9c21a22fe34,81.04611621477804
0x3921452ee82a4b775cdb486d7567e365fbfb7134,81.04409533445009
0x5cf77032d178f1e126870d9af26b63ee3400e271,81.0310901075038
0x606420fc17e08ce7d85a5068cede5542c0e47128,81.01687065427883
0x770fb298e70df0eb42235671a53e3210dd2ec2e9,80.91739145284286
0xcd47c8194c0ea6b938327cb82b4f5b9aa0941c61,80.87759302206693
0x1a78e512008b2fac6cea2b8d8e54f1e304f3cd2d,80.85870236184472
0xef90422ad2b181465d4c50c79018072e1976618c,80.85345968544515
0xf0e501e38ed216565ddc50d3f405fe5e5de4a563,80.84531764104888
0x3d1d660de74051409ad0abe7983277b2268456bb,80.83721513853527
0xffbfc78cd57025f3ef4e478ac5f909a20a22ad50,80.8346432891286
0xe75c8bcd8b9a36f9cf89442d436686c218c68593,80.82413637338261
0x2a4e6c78f12333481a6d932ba526eb56bd64f008,80.82179355597296
0xff5269e8ae6a9f2ff2a93c770fd35f8ce71712f8,80.81387339286452
0xbefbb8d585c10a9687abbaab82af1872ed4d8d12,80.8079806653826
0xd6b67750bb8181a327bebe28a1b5b2b440b6cff3,80.76458992316078
0x96482d545d2f0513dac4f037e98685ca7a3d0afe,80.75601457678765
0x06c53e7b9de5e016825fd04bf5e6538137174091,80.73374164882361
0xeb64340f380b8c2e708c390a1a6be7d7c9c1c4e8,80.6855067561344
0x248d09b842142ed5e4ec79d95e62baa46bfb7738,80.61841212927501
0x9f7dd5ea934d188a599567ee104e97fa46cb4496,80.60266884070245
0x1a50a6238eb67285ccd4df17f75cce430baae2a4,80.57152842585486
0x8fdd427fdb9dbdc5d2798cc6711b616467a802f2,80.5705554216811
0x2aefafa691982dd8431b03e584988b80c5c0b977,80.55873189315696
0x47917255d73810620c841a35e5ee42c008e951b0,80.53992683962362
0xcfa69328a74c0eac388b889c21eb3ddd9d41a025,80.5180242097526
0xb36d37110417c0ca0b79b5d262868cc9444f7550,80.48889156560874
0xd8982cf39b93ca723ebbca49efd04d4777a9686b,80.48580047011343
0x3c112d7558a9a80ef8a19342a5869b69d16c39b5,80.4846893834792
0xe864166688e95618920e32619753e23175f189ce,80.4633969481516
0x6f00ce7253bfd3a5a1c307b5e13814bf3433c72f,80.45234198503209
0xe1b0e71dfbf82eb2521ed94508e9b0b6eed6a634,80.43179012896515
0x90eebf17ddf3c8ff2d096bc9fe0905cb2bd3d81f,80.42970301251687
0x00fe460a15b49d09f39b057d0f1a7b9444f4f2be,80.40693017246316
0xf55868968409401ec70e3527c3dc50335ee27f4e,80.30866376104385
0xee68dc68913ee5606608c90d9b5db8ec4b12774c,80.27599486992717
0xf34f1d3c83ba6dc25f518b986f38a8cecf5eb14e,80.2617966352641
0xf5d26d8bde798b381828c5a3b214abc60860b9da,80.23975505205502
0x1c9f2bdd47c21c0452e00fff270bac3ae33d933e,80.21251149844349
0x8877bcb2223682048badd5b09b7ee5a8fa2f3424,80.20095061734015
0xd3d555bb655acba9452bfc6d7cea8cc7b3628c55,80.1995406535022
0xdfcd4f74729d858f98fe0028d05b27226f0e8bdb,80.18800652310075
0x3edab72359e7658078f4872b7e4827d7242923a0,80.18340346798075
0xff4e2d7169d7d56f8b41c63592fa919b4d1b0165,80.14451929305096
0x003c52a71c887461087154eccced08cb1c5384a5,80.13025803178616
0x3cb08deb531729fbd4776563b792730c8249b121,80.1286601307573
0x01b29eb97ec05b81abd72b77035d99dc1b482c1a,80.12858480846529
0xec6e6c0841a2ba474e92bf42baf76bfe80e8657c,80.09947851370846
0xc9c50b55c3085606ff05c70ac8cbaf26240891ae,80.07750422961125
0x3771eef3e76329ac4c17962a158a895545795c0d,80.07033594348904
0xd0696dc76308ffbc3b56eb8cd6e598f01e270f41,80.04581645678792
0xea398010f27e03b33cb022d076a41978561e845d,80.02395776121985
0x72af4a7f781c35cc7c8d4c5042ab7a306ac8df3b,80.00093485136597
0xf2620f8c4bdc46a55d0e3f39569d0d154f5d1981,79.99884494823598
0x275c69284ce670e88b5539355d94bd0601981d1d,79.97297389492213
0xf84cc6a984a64468dfd9da25ec44b40c0eb7678c,79.92752249907868
0xbc927cf46a2c9de51fe3f950508ac655fe2256d5,79.8936657737011
0x25cb5b18a3d6c7cf562de456ab8368ed577c0173,79.88245076850778
0xbc937bea0a2c74669432992c90517bbf85aed8cd,79.87458129880582
0xd21e9a1471b65465166e99832ade5bd1e3a85c9e,79.86761784155155
0xf9958fc198163c10f34e931d93abf7ef18762a2d,79.84182230052645
0x0ba43bae4613e03492e4c17af3b014b6c3202b9d,79.83364541558299
0xedd6d7ba0ff9f4bc501a12529cb736ca76a4fe7e,79.81523854117252
0xca1132ba4e92a247365b0e8dd1ec23a1fad2fdfe,79.80104353158879
0x2a1049062c6cfd69bd38fbaf3b0559df1dbbc92c,79.79659668808208
0xa1df7157e5eb60c4f9bcffb6a2f725a4b6492ca7,79.79588936674334
0xcdc65de2a7bc4b56d20e98a387c1528e58bf3441,79.79517490441272
0x2121d752b56227fe28ba8109abeaadd3df07e90b,79.79133594687323
0x515d82a74a9aade721801da71fd35f09799cffaf,79.70735063112423
0xba333f8ff556bf35d38e102a98daf1c5f6d9d708,79.70610620441838
0x10a4509fb431cf08f52b4eebd62569048606304e,79.70344331489154
0xc4abbb0099c3db6e8bebd3693ed66f7fe020f405,79.70040168904498
0x8af82f495137b95e59cbccecc4479f1e07df5f16,79.70026548346027
0x24e2b3e7dcede69200223531beaf18b9f19b8ccd,79.66491800701573
0x52e0b17cc061d1ff9bbf986ef2408a660a2d30ab,79.63988604882974
0x062799b5a2fc009f5d8b48360a05c497d8be8364,79.61998520629596
0xf18a8c841104921cfb895f32593096ecf4759f75,79.61549371152054
0xa7615cd307f323172331865181dc8b80a2834324,79.61465415778474
0xe02536ebda777d2b7eff618ab989beff772f8339,79.59993537976936
0x9ce8f85083fcf364467a827cb15730102306ed1c,79.59265974948825
0xb22e537e10e798fff2376f24c7a39e7c68702349,79.58779499736195
0xe7e3f293ff5be247e336f5cdb493c9ace1011a35,79.55950533610618
0x67168517c1d0835147e2bd66e40a602e9fb9cbd9,79.47020776587654
0xd1bf30002eb933155858f62dd5973749d8c516d4,79.43425219289928
0x14c45cd15d33eaa8aa149e3ca0e6924db143b08c,79.43222653689072
0x0b9b7a99308064bf1238dff693237429844fa623,79.42074434713479
0xcf50fb42926b255747fb8b0ea8e26d4e66952ca4,79.40830291788163
0x075102800212aef1077cbb021f710397792e22ac,79.39998516243534
0x540b3f3705ea15a75f759c74fa046dbb47d08981,79.3900388951984
0x88856d6ce40d223177c0b345ca1f74a089bb672d,79.34942301372523
0x3cf687bbc6ab9dffee28d325d1336d556b9a230a,79.34485099645858
0x3173acd056c8d6bb3ec849d3f6ffa90b8fda208b,79.33761112460402
0x66215d23b8a247c80c2d1b7bef4befc2ab384bce,79.30859947889492
0x52c72f8333bca27b9e489e729da979047e0dab6d,79.30839644972869
0x076c95c6cd2eb823acc6347fdf5b3dd9b83511e4,79.29949520514113
0xf46ad3ca0aacf10114c76e0b1c077a154e5522bc,79.2672619303498
0xc28e23e7d7d6cc0c9c6f08146c71e7d168cae45a,79.25744363235509
0xecc996953e976a305ee585a9c7bbbcc85d1c467b,79.25197346311496
0x336a566f0cd19c3379676f8932f26c9b1b1aea66,79.25074299684793
0x57db5d6aa783cf29af41330569d24957140fd3eb,79.23507872780019
0x5029259f5f4125d6517c2082b8b942657af3b509,79.2307639405374
0xabdb1f94bff885bd8933ac4f8aaacda4326491de,79.21688467757939
0x62643c6da84e112e664cfbfe64dc5302e6b8d0d8,79.20259676728763
0xf6fdee29e3a14610fdbe187e2d3442543cfa45b8,79.19098187141503
0x14c90b59f95b9405113dfedbae88fdd20c29ee36,79.17493957468207
0x2128adfee4fc6a4c444fe8ee3148e894f87b2b83,79.17314620183865
0x903ddd91207f737255ca93eb5885c0e087be0fc3,79.1641579961006
0xb3696bfd947104624a838dd0ae1282756e47ea39,79.14374845386443
0x761525f5c17baaa3d1c7d61616d580792ac653bf,79.13872196129755
0x75ca7d963b543fd01bc4d094aa8ab29f115ec35d,79.12132331660813
0xcce25be0e833dc0ffcefa12bf1867a972e15bc2b,79.11877330041982
0xdeec9fd8aa3cfd9de0a470ca353bf03ba3006d2b,79.10953630345415
0x7e06b4c65a6bcd3068e692a592211e29955f6566,79.09998658271059
0x7225ac33941112883620212d651714c1e4aea0e0,79.09632154227474
0xbfc54c36fbd010d53975ef38e90462c1a7afdb60,79.07046713522183
0xec305d1588a1aed8e613e493bfd08fe31fa3d7bd,79.0326073975707
0x204d4879a3975e97c852cd89df57ce08a6d2aa20,79.01581298289292
0x0d7c7bb9d42d6fe0008873e862fa03e646da0aef,78.88672307338099
0x3584ca77ba08bd8b3fe4762e60eb284e37696829,78.84176406794569
0x8f9e6dd01128cc3c148902ebfa648bfcb68ad1ce,78.83958871707523
0xecf76e6901832b280502aa051b60536d0368dd39,78.6646249372841
0x3abf8a57b611be2f8269e3f642543555c6179766,78.64428968028906
0xcb59db511a5922303cc867e2853d5cad72698deb,78.57484259035229
0x72d9f391dfc352105b8aa391475007d4bcefe1e4,78.5654049061749
0x3e7dd7df9c1ffd12b8ecd94a27472bdc4d87ab7e,78.55923928124808
0xc64de5e0f97c21606e1f31426eb5c98ab729c08e,78.53186149976624
0x0029ab135b5be72168bf80f140d60a9264dbd0c5,78.51807171231151
0xc66adf81f5002a9f7d8f0e3ec2a523e4a628406b,78.50036507934145
0x9eff806ba579ee2bd51bd35b63cd19f6bd6dd0bd,78.44295256034441
0x1e3a7fbf0bea5d6d66132361a4dbeeaaad5b1689,78.40909333230427
0xf5bb0094b5b7d0c03e0af35c4b4b287805d71467,78.40870933163153
0x6976b21f3c91bd112aa41a6ef9be5212852db6f5,78.40762203250867
0x63ddb0d7750aa11251330fea651e2a7fa1db53df,78.35816909043007
0xb088a3bc93f71b4de97b9de773e9647645983688,78.3524909022704
0x1c47fb66197f84ce3d92b1ebab9dfbaa656e8150,78.33761138914426
0x75683ba5d79e01cacb21aef347e5d8a5ef86c06e,78.33407748883899
0x6d3bb376aff5d9197bf3f11e93e2f3dc554507e3,78.29541569136961
0x0618e076e4fe252b1b73a83c239289dc12055ea3,78.29539159938976
0x1b46d2eb4d5c1f03035bc5e57b2543db50fe338f,78.2850318970764
0xb32b2fb57152a6091fba9fb4803e2df0097c55b4,78.19718439146719
0x8d6f28e5baa8aad23305b7b9e7ad2e67388667be,78.19517525297974
0x1464d4e3c815de3028572b850c6c34dfc57e9320,78.15300501814613
0x439b388faa6e3aee0989dedca8df054f29f01553,78.14327737880065
0x4b1f2b10a8c7d8b37ecf45659cdeddb54f84253e,78.12917377883774
0x78a083d3ffc762515dc0e168c33f186dca76e45e,78.07265871516927
0x2e81655a6a2b16c38ce5e5f8b5bd5b93e1f811cf,78.07178695901705
0x7245386b3e4d58a34eabbc32879dd95f0df697ba,78.06764909573387
0x16f0a28f9a7874207dde61895bfeac49a34915be,78.06275893260971
0x7ecb7a50d54d7985604dba59acb2705b0871572c,78.0610793231818
0x71232ead3bec1ac03ecfe2556acd6c7d0bd349c7,78.0556592241447
0xd2f088bdb976eeee9bfc0297603068ff9baedba7,78.05173940841283
0x47b2efa18736c6c211505aefd321bec3ac3e8779,78.04177546231372
0xc8bef1a50119389ae31d2e426f7c71bf8cc10def,78.01465729106758
0x1e85027191716fa61d97483f26637ba8e4359929,78.00836404948154
0x9e9778231e38ec2473f9addcadfb81300d5256cd,77.99676198921625
0xe2c9cc9fad5e35d3ad3fbfff8bbae6cc053920f7,77.98091399797686
0x0598df9ef51616e9c015a4f17918507259b22baf,77.97513044029527
0x180b95b97ea51fc96dcc9950002f45832af7b7b6,77.96260220543927
0xdbf156853b040431a3e5d6d0802800b29e6ebf99,77.96142773435002
0xf4ae6165c3e05ae7426c5b5200e8b9a7565ac595,77.95790215994123
0x368f6fad75eec78b3c6a5583c0b26a755c058108,77.95197866025573
0xdfab10160b6fb43b241c581540e46229c581b1b6,77.94302656664598
0x8c9e03aadb9c97a33568515e125e840ffba838e9,77.92664367923527
0xeae9132891b3e8da72ad8971f83744cd345e5ba0,77.90676439169751
0xd2c930c757752c449c0e8f10633cc2e31fcc4ed5,77.89701442469884
0xfdd43923340736ffbcb31c808ac644922c1df05d,77.85601779545046
0xaedc687fa5376d2fe9d4b81ebfc8c2ba30ba54ae,77.81985452062126
0x1e038a97bbbc8c47be1dc0ab4ea203c6599e946f,77.81508427204304
0x57abba3830751b3f5023710c5fb6c64405270366,77.81335740983458
0xde1b62535e31561c78ba20e49053f2dbcff4b9cd,77.77873684172324
0x21bbfed76f3e3fe03d07f98771c3fe188698d0ef,77.74374027930318
0x48c156c85a58f7a995902a4554c2a5a58cb03e0a,77.73857195028127
0x836fd05a18dc13aa8885a718278e6a316ecca1ff,77.70800230764559
0x8577b84527ced5d2d9f299dc6027a9e049c17d6c,77.6676985382905
0x80d6ed65c0d84656e057fb7e664d619082575bac,77.65995838316071
0xa918add8803e65e97410ec42ae359dfe6663a8a6,77.61920577068568
0x298afe764ceade43ba80ac4390195e8d9451d6ef,77.61639756761473
0x2a06cd16265ddedfee2ac3b41f0aae2fbae241e3,77.5285877248893
0xb3d77ebc988eb7265f8b145accb27bcf2722ee0a,77.5181042711827
0x64ead14ad73ac013dcfa181ca72c13e935fb3c13,77.51039767648837
0xa1932d804e85ae3b80a2a47446e98e51d65d877e,77.46060178327497
0x153e016b77a1a0667af61c05187897075d526781,77.4364664291289
0x4adaeef3521509a73d6f71177c4ee2cdd184b734,77.39984964946028
0xa8f32cceb477d30a5e6603b498f01c6170175f1f,77.39225994996163
0xb6aa8a45ea2c6a24898b7a4a3da043c9bffdade6,77.38309903902613
0xbf58a83827887a0e4c98cd641aef095ab735ecd1,77.37972426116016
0xafbc2a1ea36bbc341751063a35fb574e1c1c90cd,77.34550797379612
0x726ca0ca1b4f59e3de69a8d69d97262a10af525a,77.33019523220463
0x79d93cbf3583e62dd3edbddd1ee1121f8b07af81,77.32514836801415
0xad56935be2813f35a5a29626a2d1362d6c49c47c,77.28297626182611
0x9edc97c4f8f87ac6c178d1a50db7bc60a0c4a491,77.27703540745536
0xbe746b3639af3d3f3a743318f11ce4073e71f42d,77.25594883810457
0xb97f2482f1b2a50ba5a02ea9ab96f1f148f7e904,77.24731249705185
0x99e39611e125ad59214ab8bc62c2e79ef39d1ae0,77.20876997565244
0x304acce87b3dd9b5019d32fa53866060e5032325,77.17602774213945
0x97a8b6076ed6164df582e598dfb363ffa770dd54,77.17153090012876
0x602b2d2278465ea5823898000140cef95f2b8d56,77.13941181324427
0x014d808541240a693b48819a600b401cf6b3b8b7,77.09453399826043
0x848102e06b5f603c7eca9923f8da8517ef99b4ab,77.07656162529024
0x5212f225f58b8cd4c1cf2a10dcf047449dcb5d86,77.04299082256453
0xb819706e897eacf235cdb5048962bd65873202c4,77.04126317559314
0x4ac7b96767c0f6c22cc3defde91d345129a293bb,76.97058532994166
0x4098bdb17a75bf739ff592fdc51a3476141d1978,76.91657729932989
0x0c8f904694c9017270e5915a399f96185b6dc47f,76.906833940916
0x23395e68e4a65b5b9b33e3819f6a3058752a1a2e,76.85377746097467
0x9057e3b928e0b0b9ca2767a68538b3adb290bc85,76.81718731722312
0x800c443d4fc0048d2f4a83d64cdec93a824be745,76.7969620897928
0x8a9bcdc68d19e111663d6c986caf1da1eda1c304,76.79272109852579
0x2142efcb2870affc21b4f2ebbe3976f446ce2b90,76.79017167154376
0x2b5e682c00a0f873fb6cc34e6125e95090d56b40,76.7563671910288
0x8d5238eacb01cebcd06f4fcd7bd321d00124ebf2,76.75553361254444
0x9885a84930e3c8c865a1d3debdc204f990bab7c3,76.71866704900715
0x6954644f7dae221ddb66eb59793ce5b6c0e2eec4,76.68109020648579
0xa0058b3a974ee3be6aaa8badac1947fe72bb1db9,76.6647065567116
0x9c8bcf50c240d04cf4123082569fbdbf61a0b47a,76.65559949457213
0x1e60ae150f10a3a1881d17a9f749595030897ce9,76.62323957393761
0xfcd34c86de414b955c41239cff04cd67c04417d0,76.55985605283406
0x048a81d4ab58a7670308f0d6728a0bf825c6ae5f,76.55973098000808
0xff392e83a03f1870b67522b48bf515af9ec124e0,76.54895204548797
0xc023b9f7ae09856beee571a4e2d66f0c1de9bba9,76.52849831296794
0x13295163a7dc6f6a35b078db2aa164c24173c843,76.5108496562111
0x6f9bb7e454f5b3eb2310343f0e99269dc2bb8a1d,76.5104788791479
0xbf7faf866f2a4a003216fa224fe75bd2737d86ff,76.49902310418588
0x3566974231473a3456d2305fea0bb0944d2ed698,76.49181640484603
0xcbdb75a5741561e347d4508d96d850f83dcc36ca,76.43997449229028
0x9e9bf7495369e73e76e0f41c00481b16a270711c,76.40737043397789
0x60fc976145dd135c6bbc7df9406a60e8c2123850,76.40111815582028
0x2f8ad7e46f984410eb9bdf4b9ecf525db20d0dd0,76.38546463282346
0xd24e0a25b7a581d1adadd30c14b009047890e6f2,76.37195786757144
0xeb1033916a795e424cbe46868d6c08bfb8a2d2f8,76.36627215857277
0xeabf7dec6253f3ddbcb70a93fa9a5d6470f6cf74,76.3307921051653
0x2b4f28baef7a09fd61d348925304938312093139,76.29304571301255
0x70564145fa8e8a15348ef0190e6b7c07a2120462,76.29153016657864
0xf84dc4cd6e5eb982cc6790d38842905a06174f8c,76.28509712385049
0xfa6ce4657af871b5b758cb06a796f31e8f37e9e0,76.22032969196144
0x23d6f869c4a64f1e8be35c777fdc523cfabee9ef,76.18027537345787
0x9b7b2b4f7a391b6f14a81221ae0920a9735b67fb,76.13244618713297
0x5668ead1edb8e2a4d724c8fb9cb5ffeabeb422dc,76.12520494882008
0xefd603747ba4834c84eb3ea3b1674bbcd4d3c6d8,76.0966361602456
0xa526ec38e974785d3be42ec23f9c2a2dd849e085,76.08747776806732
0x4f176cee312eb74289a6be2de9e09ec275cf577b,76.0605608999526
0x1f9a1d61fbba4170451726e1a332de94e5afef8c,76.00093949550494
0x134d7706f8f542f611a785cf30c693df302f4f24,75.98582658236278
0x60d716fec3e25a00c15eddeae424a7b96daca4b8,75.98203436951007
0x0a80b518586ff4568b5437a816164a7bd53baf37,75.974084221655
0xcd0c599f1b6709a026978a75e0ca2021446e2ed6,75.955554132931
0xc4925ca90d15f19fa8e629f44db89ea03963d153,75.94083474366255
0x6ec62454447b9adacbebbae86687707a786c8530,75.93940036976599
0xa2191c3d5a8197708410dc8a22a9e4a07df94ece,75.92762874978708
0xf42eb7c923b98d4f98c114db09bd581f89be1171,75.8613119458398
0x76d06be150766c497a87a90b25fb3eb34e8c4ce9,75.83007897717332
0x586b3f34e90668aee4ffbd94e7ba143552fa70e5,75.8134685976482
0x24e8bb6a37774d8a0187e196beb29601ed5920bf,75.80405039386157
0xe99b1148e185d2b8e4e901f60c0230696d3fde2a,75.79426201938108
0x96d747350d3d3f26a06e1e2f523f74ce910f4a55,75.7916489335963
0x6d71c5886d08d9a1c6c89038148055297f6440e0,75.7915808766652
0x1997169fc82abdc3f54e14e1e2cd75cba24db73c,75.77051619466826
0xf1c2e041ab05d5330c43d974a1278d17f15d46fb,75.74913516972148
0xe070e13c4af740a93109715b0c7c2ba7c30c4ef2,75.74365807600334
0x1f92fc15bcbeb4dd24eefbead8d7aee409f891dc,75.67968006674695
0x4794764b746913abe38dbc7a373022bfee5b4a06,75.66447596355461
0x5fade194f53e40a4088a8d8f28cccf45795467ab,75.65805894153075
0x19ca95b64d52ccf91408b63b042182223c8c2f1c,75.63890115017037
0xfff95dea424c0d7a25471982610a2485f302fb54,75.63757980182172
0xf7ab7c10b2ae4b4d505b037c987f8a59ff69ba6f,75.61917885982402
0x199da66fea63520d64b213ee3e7eb7cdfb650d62,75.59219370768963
0xe0ad79cdd7d049c9c12afcbffa33c58e118c48b0,75.5603344849727
0x134d3c15554e065d1c994aa5a14ec066a556841e,75.52341257837287
0x717ab1c60e79464ed2e2980a131fe5774b855789,75.50727194337892
0xca015bdc2fc7ef0c12f66cd8beacbbc250aa4220,75.49153195412333
0xe8992b1d0737c4cc587eaafe13d7563bd50b5c14,75.48019854861785
0xc265cb0a1c965a6dbdccd2d827fd1d8ccdce4347,75.47812742586946
0x9709a9f77d4349e1da4220f1458fbe9339d612e3,75.47080279296212
0x2fe555e0d573b4df1040d30ee209911583c2c9ef,75.46750050618901
0x4b4c129f619cef09246130769d92d137b771cd67,75.41683613352129
0x697c62503e0e2767741f55ba8a7d62fd78718444,75.40118079660712
0xd52df51c08087e089689b9381ac67596887d1608,75.39398517276695
0xc18a3fbab238cdef9741514b2b5fe28ebc49fd0d,75.36669325229602
0x3c673dd35bfea5267c4f5598a8d441fb13f8475a,75.316922997586
0xb2ea5e5c907f189467fcc5b5fcc967f25985cc14,75.30252035779607
0xe8130f62f1212ac1dd1274474e6eb3d3bfb59745,75.30028568007026
0x4b80761dd2aa8cc919c15080051e36bfd9ad92cd,75.28723753612469
0x02ef744c9160384ce566b3e41c48fb9b35daf162,75.27531321407092
0xd00ae74b8a2a0b3c17636cdcf4c4e72149f2ee20,75.21092816013412
0x81c9312860bcf9eddef41d6839ccded0c7961759,75.13553232917866
0xc66a2b53b98e0184f2dbd3b2e6a4f4bf3283127f,75.12515057198885
0xd4d5b2788812b2c4df6684050361a0204c9985b6,75.11697313894517
0x2e83b16e2c24d3129ecc40cf43b8dc0f0c5ca8c3,75.08233838918596
0xceb9e948ce562b3b3eaa2495e39841a62815a524,75.07714110698693
0xfff7830f9ddb9d48d9e213354c92604ef7e1298b,75.06675367966784
0x41c7b33b8e7fec43e4f860f79c2a4314e3c54089,75.02418988922888
0x17089a308ee42356dced12e13d8caa33e18c6d96,75.01303853283723
0xe895f40ecf7f32f3c57127c242f961ea93d0470e,75.01058926613057
0xed60eac23f638d2c4e28ba681a0539b7e63a23bd,74.98484330761237
0x212b1b5afa70e74e461a7ebf7f17d85a465d3394,74.97852683154004
0x77e8c5f5539473d8aedee2a2c9c3ddad33ebb257,74.97133767646874
0xf42f6d8affb2eeae38d10d9df723b53c8560389c,74.932198688478
0x86321c9ee2ab1b06a049f025c6b396c30a1451b5,74.91705262132359
0x034a4081df0c5a039d05113a7d0b334083a7b084,74.90211028732642
0xf12692f90b384623b7d3077d6b342bc3871186e6,74.88356474886963
0xffbc36636cffeee51593f6f8048f618138b5b793,74.83147292122139
0x9eacf519f5a1e072339463a61143602e696c751c,74.82468735012279
0xa2cdabfa4141c59e1406516da6d937e35fcf42e7,74.8053090527593
0xaf4d7e7b9deba33b7ae57d08bd8eae8ab55d8254,74.74608352048256
0xa06dd7ae30effce6d0aa7fd0fe1a0cd4a1329e4d,74.74524305137155
0x3111327edd38890c3fe564afd96b4c73e8101747,74.7093392923482
0xa50ecb238bfa1b1c9050c58cf3e99c99260c4ed1,74.65013093172239
0xf2ba322c432be32ed6e63302670d22901bdb57e2,74.64983021663551
0xca1dbc246cd82d379f3df25732ca79ffe12b6032,74.60781876140669
0x820c1213562677697b2e470fdde2ebfef209664c,74.54202269786646
0x6a06a5ed081990f4313c03aabc70f5874aa43f89,74.53448160255256
0x42075dd2fd29bc6a10330715631df6d8b698ea61,74.53317406848613
0x0a80c3c540eef99811f4579fa7b1a0617294e06f,74.52123034374212
0xb528c573ddd7acaba1a1da77a4fd5a1ea4a32990,74.50885860563787
0x4e4bea4763b0334766933d88e1171af56191b636,74.4688515757445
0x6526f255f7f0ee69074e1c1a4c3457f6c2262db7,74.46453251775647
0x47fc05ebe37333b7fd56c4d66a9988745efed6c9,74.44483959528999
0x63af8a41e879fc27b9c4fe0fa5d5f79a5f3f16c7,74.43238178802825
0x21edc17321fee0772bb5a9048f5ceb68769261d9,74.36367361028506
0xb263e97547b3bedc9aa3214c0bc49c5985df26d2,74.34271678979717
0xcb4e01a69191814e9dbf6193e19cada6ffe0a3a2,74.31575753225674
0xf55e015769baac7e5861cba62ee775868c335cee,74.3063412149457
0xb5b4c4f6a656e6a9c1fc301b206b99af95215245,74.24425600816689
0xb6af88412a30bcaf0e999826eff1acd835f43831,74.23638474859385
0xccd2eb019b01659b007e3ca2aa6cab205221273a,74.22219282139145
0x650a4c05028d0cd1694f1ddd4c8b8c0b2a92e410,74.21842974870373
0x1e5b5cf3ce6fa10ef40d2a3d06d7bc62d8d032cc,74.16604364290163
0x20aec996ce9d508a7f51b2a217bf6a87b6be0ef1,74.16473617065546
0x976fdc5dfa145e3cbc690e9fef4a408642732952,74.14882922730209
0xd8cc3c23c9feb635ba1b18fd449188dda3b086c0,74.14635912280438
0x8e831f16c2aec702f3ef81f2b6ae70dd19fbe08c,74.13262830886839
0x02ce3b6c086e88616783163fb095578c86fbd4a9,74.12358193207254
0xe77884cddf148dd5f0e9191b33d8dbaddb16dfb5,74.10333974559987
0xee848a515b6da28e21d26021898ae0e14b256db1,74.08847561523075
0x3182ad78c3f102d1ca2e6e63ad949216493cacd0,74.08590611378717
0xab8791b0ae982187b4fb4ae4612bd4c29ec6c110,74.06225347489871
0xb21090c8f6bac1ba614a3f529aae728ea92b6487,74.05810675409168
0x23732c68e444c09fca1c139d9e90a58217560224,74.04155524232443
0x561445dcad87cddfb1a3b21bb3d1ee4d5e73b485,74.0178533789301
0x774f45a32ca6a365b693dfd58d129c959fc159d9,74.01204112998667
0xd372d109ba3f475a75ef27a0ad00044f33d09a4e,74.00923840290045
0x46015322832a58fa12e669a1abffa4b63251eee6,74.00752030689219
0x901442e4deec484e9b2efdb2ba20fcb19880d9a3,73.998891952499
0x474a89f2c8d20788f80dc2f9d09411c43fa2df2b,73.99497897883427
0x3433139d05ad5cf0f2a5cb84b6189aef6fad5e44,73.98438989317646
0xa3d8d276f6eab243cb22f4d1a5e3cf08476346ef,73.96920596352767
0xf78cf7bb109f7fb55e3cba2dd87edd5e836eb0b3,73.92743451660225
0x53c404d148a5c7c164e259f07a87429ad79c00e6,73.90846431114869
0x48ecafaa76013fb100cbb140b9395804438c0e58,73.89047381435145
0xca63a1eae2face6eb858d30554da0363716489c9,73.86967673255319
0x9b659d5631526d6cb599da65dd0e59a923303d6c,73.86691607122071
0xb9e5436ccbc77b8c25a3fdb53273cfde1e85990a,73.8363535777056
0x3e2dbda5f310aade1503557b2e7f356eaf161641,73.82308584973299
0xdfb00d9a518d82c9141506bbc6fb1fe5e727f55c,73.81873709579344
0x7fbe66206e5eb811173af1317bfa2a7838f4c270,73.79364427772272
0xb0804b6dbe7159bddc1b6c9c00c796d94eee1858,73.76475492423339
0x10029869abcebfac65f911732ba0662d9cc69b63,73.75840038879885
0x28d59e2e8d87b4b272a75b384f6f593a41b4df4a,73.75505046938812
0x2d19f32620f647d08fa8b9a0fa5206fae15c0ed5,73.73620084260874
0xca78c111cf45fe0b8d4f3918632ddc33917af882,73.72339424500484
0x90ea1efad9b6c2df0ad2e4f362048fe22bc126f2,73.7043251806745
0x2871b76c348e12b88a28cef388d37326e85e2fec,73.66276971381937
0x7c8a61537c02afdff15ad6ae7d51dd25edceb0bd,73.6583375934413
0x6370c6ca30253a2e188ae8dc8e9e852271983e7e,73.64868179044626
0x818539ad5bc9f943a5ca323a7f9249fac62f25af,73.61714802965257
0xc7bde5d00c8e0255b6a262a16fd7d5533e436e0c,73.61227254405112
0x2fe69b7c3e46a61af9f2528e437780913771bd9d,73.6086198536572
0x52feb9bf6f37bbd01309515feec062632f5ccb2b,73.59491464600168
0x103b3a31c6732c8615161757c64d2c5ed7daad38,73.59479419730151
0x06763a0717f74b33840ebd85122a5093f828ad38,73.5576766254965
0x9b8c21879cfc139e29d449959befff5b60c65f48,73.5418701863812
0x9f0a988edc96dac834c158ebfe667da932bd87c6,73.52273382644194
0x33b495480cdfab66790300d853f56452f9f96eed,73.51449730192024
0x15b1ad6f030d59680b5718ed0d8ca3985f3bd9e9,73.49678557828494
0x988ebd2dc796711f63e91c36ccb7d05e67704b4d,73.49016904795977
0x445c55b9a5338c45eea6f4cc9c1840883729a878,73.47230083569242
0x8d37a11a65b4f2c541af1312bc44f74a078160c7,73.47071625370752
0xed0e5161ea537d9f69b9fa062c1bd3dd590abced,73.44964722808362
0x8552698764b16b26189e8ef0cc095d02691d4837,73.44133071940712
0xd56b98fe204c467ae2acdd585f19601a9456790e,73.42365645917154
0x708cee2fb3b06170ea9fbff168822b536ce8e6b0,73.405363311176
0x83539c51899366bbe7eb4dc3085dcc091c5e062d,73.38855707301117
0x77feecc45fa31f2639d4c1cee0ccbf138387d79b,73.37592127634429
0x383f42b5de515c564641f65f5da3bd8b4a35b4b4,73.37328962069166
0x3c2cb7943e7d0e42e55de96983a34a732dbb7816,73.36180708783094
0x433056b044b7ae36217349666cd2f1304c86ce90,73.36053934685575
0x1048a82ebb42299b45c496beb47868a987207601,73.3500665059897
0x7a75da34c346f244e54fa2f71b25560efb1f9b20,73.30538260258938
0x3538231cf9b57a35d5bf3c0d3b9ea54ff5863465,73.30106705650272
0xf11d95bd4c18e4a792cd3ffb581e2c30890724a3,73.26913516794832
0xc7557ee5b5ac2f86df0764d12706f085ea77a845,73.2680635937316
0xdc95913ea736a669f9518dc58b90b5d7ea2c8c8a,73.26782102553776
0x8433540c7e4d086e84a6e1cf4f99d8eea0e1ec09,73.25447024756505
0xeb23e02024b8b98dd988d39482ec4bc6d329199d,73.23239263250059
0x4f554e30654369e2cad5f718754278eefe2af7d0,73.2277158305036
0x9ffa9cced03b6b0bda116ab14be5ceda2db0e9dd,73.22565765022003
0xf47b25c9aa978f080995fdcd0d1b04ce274747ba,73.2167716103891
0x3033a0657c4823897440b9121c425ec761a7a694,73.20540422940594
0xd6d30f186e802c1558b8137bd730f7f4aec17ae7,73.20483307814854
0xb7a158f6231c2e894a57640deef4767526321fe3,73.19386321088375
0xcc9417ecfbecb3522ed1f70743e00e5a1d2eb4d2,73.19229081165005
0x11c4fbc8fb62daab60bca91c72c641123fca90b2,73.18935357096011
0xfafae2220433cddba9f0425ccc64a812ab0725f6,73.18376013907185
0x2f3246fa8d5d8776c29cb5c8ff17cfbf8f0e3055,73.15751851070928
0xc3fdadbae46798cd8762185a09c5b672a7aa36bb,73.1022143809719
0x520ef574f275bb54bac66781834a3ee20e9b6e3c,73.08004468628447
0xc7932865a7c10996c5e0a96a2c9586b4c9a86551,73.0702400561769
0x127f6bfe9b238edec1bc3cc129c4c78cc5727871,73.06712255615997
0xeee61d4100c2a8fe0c3b3e9e9dd6b8afd2f2d40d,73.0585525130667
0x5c1acab704098a41a5543bc3a8505e7c72b800f7,73.05088341720779
0x1c3d883c9226d354df1c9bebcae51d06e140a27e,73.0142325486501
0xfd0101d908bf7e4a03168b6e90aa7f1e70606225,73.01043667950616
0x213353406af8bc04023e497a9997903509615718,73.00402534878164
0x39bde2f9254cfef7d0487a27e107ef6c1685e44c,72.99191215062257
0x3a29e208600227e81a13042d9694438251d6f23a,72.97576652518478
0x0ac4cfbcc7dee4e7137f8af0b94ec725505fb227,72.95475060079181
0x320bb16ad49c27825e619a1ce658aeb4bcd68af0,72.94306450564514
0xe00d58e8a4850f231c8482681657501d0e49703b,72.94253831718433
0x47486720f580b527fcc7fda72ffe1915f8c02107,72.937234191379
0x7c6e177d9613bbbc80557816a19a342136b24654,72.87232131933006
0x59e3adae9267f874b175df394abc5fcd0fcf8175,72.85393287459301
0x0a7aff107909cd284ba841b67050cb0458175944,72.80678005228258
0xa549893711fa9b5588d1bc7f7a661a2ce1deb575,72.77602826410501
0xb3eb6120f5c03e71dc5fbffef7bd6b7f71b22772,72.74085434782074
0x1d8c813e905cbfd1b2adc0ef3029ce5959c4d67b,72.72838483031438
0x840598d0d266cf1a009e65d4414f747b2e799330,72.72384371482326
0x56c935cac3d870b385724cae5eb8eea1505c777f,72.72052932321103
0xffb3bd8b5365758350008118961254c5ecd1f80a,72.6804162328125
0xb7625573f98f436554fde189bba8f1cdb57a6b97,72.66943682519812
0x85412643b12cf847f3e11f24610e6127c17ef7ec,72.6626476402545
0x0073c423a0b5d88b330d481301025db1ab65d891,72.64190359112018
0x55a3df57b7aaec16a162fd5316f35bec082821cf,72.63744254477815
0x041dedfec783d8d6d8bd4f81cb3675042151184d,72.6237080237623
0xf8e562f4f30c5dda0978857067d6585265da3437,72.60788221071967
0x72782b9ea7f51bb96a8d0cf90b1293021a6b7a7b,72.6013308974523
0xec74a4cc694a17602b2f7a9b080ac5be9f078561,72.5925368536844
0x4aeee08c3187fa1ae768e6264898397f339ac334,72.58844728448723
0xe7af3cd4251eadb3102b951c929de54d59bef56a,72.5677612855926
0x9eb24c1ea221216158b7908179c13192fee89b4a,72.5559090453303
0x4fa7811bbc4d7446ad0dd3f39538049df2af2ad5,72.54085365479708
0xf02bce94a6e11b7a8fc5c38e5868321ccdf753fb,72.49698784047015
0xff16d64179a02d6a56a1183a28f1d6293646e2dd,72.49001702069536
0xebab1451875186e36da7166aceb8e0e145607423,72.39813221144763
0x16ad4e68c2e1d312c01098d3e1cfc633b90dff46,72.39073298270388
0x5ba8be640c84e294bd7285b4d7a676ed8e1ff2ec,72.37511837250524
0x84ece745851c477d15cfda32c71f2bebdbfb6218,72.35511257327786
0xd9ceb2bb4b8324d36c284799eb00c7cc19a0f618,72.33683214434097
0xa5b0c665e95545604f0a1dd0e3ecd857a9c2d2c9,72.3335079733424
0x17c9c3e835293220a401723811832e3e32fd391b,72.30566315173377
0x64b51b755330e8c3bca0563670c751c3902eee0d,72.30438787378691
0x98e28650cf30e5aa1b7e9cdb258522ec3cb57614,72.29924764277575
0x2bcfc0e9cca9c5993e5460d0ad0d52df45d4df75,72.29306343860475
0x877e8ab289f1b3eec7220a8a7edcfe1d87779813,72.27308250738861
0x9de91512807a33d1df1d7ad07a99b220ed719269,72.26951444192008
0x3e4bfef24c93b0641c1ae27e547393cc840345ef,72.2614301504877
0x4b64d0184b0676e3d4b79c96e9123a8583aafd4d,72.2529125514728
0x3f4b0089eec7d3e9cc51c9333db927b0f5416e30,72.22503853229169
0xcaba1a66f0049ab97256d75eeb48d540a7a1f8ff,72.21515032395082
0x231ea269e5ef8df7056ecf26f9b97ef8ab5cabdd,72.21418437726122
0x799a3539e0404b3c3085293692de1c91f074e001,72.1740159973439
0xf86b6d7c82597de4441c4d3df218824672990fc9,72.1159875810473
0x4d4fc2b1d694d3d7647443b79a7efd3bf4efdb41,72.09797835347817
0x3ec61c035543d5529b7315c1fae202f829fe2b20,72.09064753540704
0x4467554da9e6e79ef5f90f0c0fcbf7d645c394cf,72.0848823651635
0x4e058516eebf1db6b50d0c4396c608de25a77545,72.08241135992046
0x0fb27f3e9b202a6a3db74b3303d33285760f9166,72.0778941341636
0xdf6a620baa44fd80bdbec3751fe0d5bdd6555d90,72.06761924051995
0xc04d6b100cdbb807bb7913fa68ff0d5990e43dbe,72.04936468692796
0x6168bb05ccb4aaded0169602bbb6e3cae12902c5,72.0060134005475
0xbf83e6e40162c655f2ded3431b7b31307275ac95,72.00209216531734
0x484a3588e42fb1541858aa314854eed26e14816c,72.00082858047887
0x120d7c6bef0af3dab374b0f1bd83adc347fbde54,71.98801123770106
0x6a76274f50711486ab0799e75150130746ab542b,71.98491990867069
0xa9bbd5b83ffc706342555e4a38c9c06b2e7441e5,71.97121931950383
0xb335d18843137b21db0c9ebc23e7ed9f0d33f14d,71.96246994310236
0x8729d7526421c1b9269a88eb607c61a6c1ff4084,71.95376008693158
0xd0554b8dc33b4be4bee98718a7b5f8009a67a6b7,71.94404247755115
0x0cbe265011306fd86438c7d23d0dfb1721c20763,71.93604706812403
0xa97cbdd24bb3fe40fd425dfcb14131646980cf04,71.91101531640777
0x6bb1be45c80e14b6ef600df5b018df12a7b245c4,71.90908637624217
0xfcef53c80bac7e49a2918641cebc914859dc62d9,71.90785996761966
0xa24009a666a0ca097353c392256220a1f5f68c13,71.894743203277
0xc968c8fd6b87874e17e37cb41e7d8b9bbc640c52,71.8199520069779
0x9e5bbca4fd2502336e6c04edec3a4a08b5071df5,71.80683974228546
0xb58f9800f74fea404b58f94ca3685d97e4fdfbed,71.79694842069455
0x21c7bd199874b71e69fe7fe742ce0f738559d500,71.79275919204002
0x8b5c2387ba1f401a8f1d7eea37fa8f9fea6969c1,71.76596203405387
0xf05cbe0ee781ab4432ecd5f6e5ad04551d239561,71.74412945257565
0x427848db8640eeedb2772156a5380e8cfb735f0b,71.70846041149386
0xa87259f8e14364953d91f8541a7ba0b32e5e7008,71.70276390352754
0x0249709880fc44b72f00abbe7f6120c9a61bade7,71.697978486144
0x40d5501eb755cbc39d84cd0c7de74eaf1e952a2c,71.65229599110258
0x9da3682f7d1a6cb12d316225ba99843c3f7f8d2d,71.63336401620606
0xec7e755928bc29e3c782dbe1238bb117e4256cc1,71.60932693980212
0xc023d24aadf84c20dfb554e90669797b48ac8620,71.60443348450315
0xc842d55c3a0371e060ff00bd66300ba097d295e3,71.6043970411265
0x054013b54780a61a2ec3f728c279c2440905ded1,71.60249830451535
0x1471e9d07ceb8f747a2d3467e92f76f441418a22,71.57324170835238
0x49a1eb39534f378722036d41d3ab5c92e86b55cf,71.56688038467387
0xeddc40555769e0a4d6e00ff55b9d37cd6ed8c3ce,71.56176283732484
0x5f0f119419b528c804c9bbbf15455d36450406b4,71.55592563269697
0x53c3f93d5146b3c1dde50d20e6f0422747fb5b7b,71.54803393024595
0x27b69c405d6c58f5dd83ef7e117355a4942014bd,71.54797258904934
0x08439047b3c1b1c6fc9a6c62a1daa191a19e79dd,71.54736865004858
0x5682cddb3bbb1731ceb8c4cd761eac9f31b84d27,71.51420461824709
0xd27078955887e164fd818869a2953d5eb8aee2db,71.49550712330127
0x6ba76dfbbb5e3084b56533717eb1a3c8cd5a6f4e,71.49176333373026
0xe5a3d77d7788a83f3549dd7f08fc2aced7e262d2,71.4911249452008
0x306e044f46fb0ec06a5136104698d75ec0ab928c,71.48757313105955
0x602dc1d22884e333fca32eb03105773c3b97b22b,71.48746082374862
0xf8536ca7a25cbf70df754fa310079ada4c6114c2,71.44815751907618
0x3ef71b47a6b985f753b02b15b7b64c8985bcc4a8,71.42914769360189
0x2235cd349113837ffc6d3e41ad8f64a84f3d20e5,71.4262843992469
0x893425f1e71fad6646eb70dd17a5f808a012ab4b,71.4237825305725
0x937a00b56f3fe79909306d72292b965a00fe3406,71.41033453065619
0x1ec56fec60690d38b43517dac23eb2871b5adc1d,71.40598645923848
0x8eeb3170eea4135b88ec6c058f101d41a29d0cd2,71.3998958421459
0x856b762d46274ef1d696103e5fb2af2afee91ecb,71.39678350989469
0x7aabd633cdffe1923dfc432ab7c02ea14daaac75,71.35164826687179
0x38b3ad7b8b162e1b2b21d6ce7c76b11a969171f5,71.34761446974332
0x7b81aa194de872268e294dede70b2c30a3d347cc,71.33740654693366
0x10cf8e1cdba9a2bd98b87000bcadb002b13ea525,71.2920071553589
0x8014a798ca117e4c44047f5c6cc617bc54296284,71.28979698353052
0xf7c751457363e84f5fda68e527b318468f334cec,71.2618968021778
0x2f978eb03ed22c86a1f0c08d4504b4c2cbf2245f,71.24986580631546
0xd918fe4229e53ecbf53de43c2a5b5e3aa735c341,71.22100776968145
0x107e0c0e0633283a6638e29a9442e3a40679f7e7,71.21980044677134
0x0393f591f970708c840ed9970f2a867d8b588c83,71.21926946260545
0x301951f9bd3e21e404dd2a99a225aa38e0947ba1,71.16752592621653
0xea4644472a98722dcd26b49abf5b8b4ac55779b7,71.13665409890389
0x9c9550871c8d714e90ee03e610b21f156381bdf1,71.12104862465246
0xf84440dacfa8e3bdacf7f48409255d9f894f237e,71.10687727347192
0xac9ba72fb61aa7c31a95df0a8b6eba6f41ef875e,71.08327708058464
0x4d0e2a4454df9c4c4f7b83dc1e0c76e08eb0e457,71.06196621443154
0x84a721ab15694e736bd2f93efb70ae7a5bfad3d3,71.06180700881569
0x716c59f6fb15c8bdb35cb87340c165461e8f39aa,71.05215523076916
0x84f10948e7e8c26dfaff67662d2168147c3d719c,71.03606605542477
0x38d88e9366bf9b1c79162803f081a993a7ff3dbb,71.01696623355551
0x57c41131600af2d0ea74d7a7ffab385063b89267,71.00263289818695
0x8d043b0c66e374c34a50da181aad0a3fe700f061,70.99120120595191
0x60ad81273c776aea562faeaa601ffc1680ae929d,70.98553167693328
0x7dbb308de0a56d159bcd812b6d7d4cea6948e847,70.97160732591703
0x9a26aac2b6fec5dd0463fd5c088a05049b835edb,70.92675990328408
0x229229284c0ea7c2a898765a5652fc03f0e35293,70.9262133087218
0x90a286841a7e928509c4016186ee4ced3e2ec079,70.90126334121389
0x17f780e07e5525c20bf5f22b6c650052fa8605ab,70.84016753271818
0x7d957aa56820212bbd4c7667ad5e3e39215048a3,70.83680434558411
0x0e70fd4ea2a0063396fed52a999d64f661774be2,70.81241204762266
0x233f1d0c0abb1eca410b6e1e7d2560cfd32b07b2,70.78696547822628
0xffe11dd3d666da59802f61670b0664519c20f94c,70.78143628199616
0xcd35bd62fd15e732b5c8f4a5c878e968547aeaf2,70.7574789372568
0xaf7f2ee8a6ddeb1e4b0fbdc8b0ed294e0a8bf1ec,70.72206301010549
0x5d79fc3e6a91e249c1193d8326a912f949568646,70.72166870587031
0x9d5f9c924833a5284f29576d07a42942276a26e4,70.68709829315989
0x5e7e3a09995544841bcfd53cfc8a45f33281d2e9,70.66878360461442
0x1f8a9aa97618c77fad4be22fba26d4ea0507119c,70.6232869917554
0x38fb71db5975ae9adc1842bdc032a7b1ed10fc75,70.61495261264076
0x293425f7e1f094cd06a264187d830b59e54cac1e,70.61037673377912
0x46a0b4fa58141aba23185e79f7047a7dfd0ff100,70.58026342264976
0x734e4c7dbc53aad51a993828c8b9009aee87196b,70.57089648417038
0x29429b30a798cebeadb3616709660c4f87f245a3,70.56606017946685
0xad4b0951f38fc7a40bb9a5c522206d5a49378dad,70.48635225678296
0xce75dc60005f890c4ac7b3d3ce042e57ebb0a919,70.48242277202445
0x2fcc9629560db6bc32c5ee6e0fea0ecd90c89949,70.48012432984068
0x61f9f97700d391d875fa14e020bd6f1e862ca10b,70.4761895596614
0x1268757e441481ee97f99ba28d624f261b3c14d5,70.47477083560607
0x053b7f29bc6d95182f0e54efc86549938878647e,70.46903771464281
0x8ad5ee55a8425a8a4938106050636e0901df4321,70.41501828566481
0x64faa6429aedb1bc10bc0b55b4cd61a582f7f054,70.40400290123662
0xc766ca67ed7216bf6f67e449f9789daddcc0e9ee,70.35179349168304
0x3a6d6e5e4b8c3e9bac29ed12c4243377e64f9b4a,70.33355828388964
0xf3ae7a5ff2863247b83661cda7050d9df4bc9ce4,70.3162264040519
0x38caf77dfe8e588ec4179b8c395644312fc85c49,70.31368834458166
0x3c906129446b9a0a24b6e221b938cd207c20c521,70.29167535633202
0xf4ba1b19e8065adf06b1e168e919836730304b6c,70.29083445970869
0xd3a2a4287647f61eb43922682e96fc9b434605a7,70.26293961158781
0x0235ecaa45c4ce4abaf58c21e70c103d1bd745d7,70.2626837437056
0xf5e23e86ec9f6667b492a7b8196395278fc7b482,70.25457945791226
0x8101bf01b2ad8e96f5645c4228a5eba18b6951af,70.246865215459
0x82b5a0f4e695539a406b375608bfd9c5613dedad,70.2467768708477
0x0ff324d42acdcf93ed7187cb9705b4609b074bb4,70.21874212138741
0xe41086f6e4801bf49c0f9e24fb147cdfaf952a89,70.21819418538654
0x9d23f8199acee2903035dd16c3f349af6dd40cf3,70.20120363824553
0xcbcd0eda8eb2b784cd6163273d9628553c4ef6bb,70.19125408895154
0x449295e140ea4a35ebdeacfb47c52a7df41a7d81,70.17182871462421
0x10d5c4915df50e9313c21b4a7389c056ff3ff334,70.14982897258558
0x7a0fbb294741a4d08ebc09e8937c44b87c4c0b85,70.12311990789581
0xffa68a5ea2df5095f203c1b49e1efe1332e27217,70.12170623742612
0x9080860073ad25e31ee3bde8114ac5e7ec678138,70.10403424854765
0x1d419c35db08d8bee2328e70251ec8766a11d71a,70.07737484180284
0xb3375a5c855d36c895f3c00e681be1094a5b9d4b,70.06951321933123
0x3d7b7734c8a25c6e791be1294c46ab53e778aed5,70.04492621160465
0x907a974a4da906b28ae734a86e6625508b7a4a43,70.02908171177901
0xf5c7231632aa9b344093d82deb864fa1c00b8bde,70.0077288919778
0x9529bc8dc77f058ef96b78beeb518c0525859fb7,70.00425682526419
0x7091de9a5435dba7f051045d64c5ef56bd96064e,69.99765792519388
0x7219786a67c3ccaf08545d8cc5634af1eb869e5c,69.93786328189879
0x73fa9df99faaa8d110c5afd917355eba0f993362,69.9149895909112
0x009c07cc41a358176c97b525284d50f4960bc939,69.91439122633027
0x42336826ae2d0cb9ddcdea88dfd023a6b48cd926,69.9067512215335
0x3783f95b6cc030b1ccb735bdbabe38b4dcf1cf9a,69.89891878288437
0x11299e3ea77832418ed0fb81f77a4d8eb92083f0,69.89767498645392
0xcd8c4106ff54e8ad03f6e3dfc0fee679ac17322c,69.89174988251472
0xc39fa89b072e923b73d19537044d72e502990031,69.8775263719293
0xa810b58137737445a26c803a552d629a8bb8a01b,69.85932293141897
0x58897920c53fd0197a4fb95c291099255ac316a7,69.85843179719187
0xb55a60b662b9643ab77a46c5336bffdef1a5b72b,69.84106960074692
0xf0b22f7e45a223a106c35eda11bd055a70a234dd,69.83541469912811
0xd70ad9c99996e46c11e018cb6f7e19c00b592359,69.81738134050447
0xd212f73a389966da5f493a302518639ee8296dc8,69.81561921881233
0xbb74a74275ca79b0f808c7a03c65e89735c9fc40,69.80717789727589
0x18ab13f62635bec69fcc1d2ce3dbe5e0bdef1b99,69.75327133582327
